user_id,name,age,city,registration_date
1,Emily Watson,39,East Craigport,2022-12-15
2,Kristy Lowery,67,Owensfort,2022-10-16
3,Tammy Sparks,31,Derekberg,2024-05-01
4,Nicholas Peterson,50,East Ryan,2020-09-22
5,Mr. Timothy Cox,53,East Hannahburgh,2022-12-04
6,Veronica Richards,25,New Sheilaburgh,2024-01-19
7,Matthew Martinez,33,North Juan,2020-07-10
8,Christina Allen,48,North Shellybury,2020-05-13
9,Billy Smith,45,Blairborough,2021-09-17
10,Hannah Villegas,58,Lake Timhaven,2023-07-08
11,Lauren Ray,41,Lake Rachelberg,2022-03-25
12,George Roberts,43,South Zachary,2020-02-18
13,Kelsey Brewer,24,Gregoryton,2023-05-06
14,Jennifer Davis,18,Davidland,2024-11-06
15,Jennifer Davis,59,West Joshuaside,2020-09-26
16,Joseph Schneider,57,East Crystalchester,2021-01-03
17,Alicia Lyons,61,Maryland,2020-10-14
18,Amber Gray,36,Michaelfurt,2022-03-10
19,Caitlin Martinez,39,New Nancy,2021-01-22
20,Jeremy Ayala,19,Scottberg,2020-07-05
21,Jeffrey Richardson,60,Lake Christineville,2021-08-30
22,Michael Brown,35,Payneview,2023-03-27
23,Rhonda Fitzpatrick,69,West Roy,2024-02-09
24,Timothy Black,36,Christophertown,2021-12-06
25,Theresa Mann,67,Vincentside,2021-06-22
26,Lucas Velazquez,47,West Victoriastad,2022-02-05
27,Molly Gutierrez,62,North Eric,2024-06-25
28,Cody Aguirre,62,Diazfurt,2022-06-29
29,Andre Morales,37,Jennifershire,2024-05-26
30,Courtney Long,60,Williamsville,2022-04-15
31,Cindy Mcmahon,31,New Thomastown,2020-08-22
32,Wendy Moreno,29,Lake Malik,2023-02-06
33,Kimberly Brown,53,Lake Kevin,2021-06-15
34,Jordan Chaney,47,South Richardhaven,2022-06-12
35,Kirsten Murray,52,Maryport,2021-01-07
36,Michael Maldonado,25,Raymondland,2021-07-29
37,Sandra Lee,47,Port Jennifer,2022-12-16
38,Jeremy Rodriguez,66,Dixonborough,2024-08-22
39,Matthew Kirby,43,Andreabury,2021-06-25
40,Paul Peck,51,Williamsonshire,2020-01-26
41,Ryan Ferguson,51,North Samuelhaven,2022-01-21
42,Allison Jenkins,53,North Robertchester,2022-01-31
43,Timothy Ramirez,66,Brittanyburgh,2019-12-21
44,Jesus Smith,28,Conleymouth,2022-04-13
45,Jacqueline Dawson,39,Henrystad,2024-03-05
46,Steven Mccoy,20,West Elizabethbury,2021-11-28
47,Mrs. Carolyn Barry,27,Michelleside,2020-03-08
48,John Fisher,31,South Karen,2020-04-08
49,Lori Kelly,61,Calderonland,2021-03-18
50,Kayla Johnson,31,Port Audrey,2021-07-02
51,Michael Marshall,28,Burkebury,2022-03-27
52,William Ross,48,North Brett,2023-02-01
53,David Frazier,44,Cynthiaport,2020-07-06
54,Jesse Allen,56,Rogersmouth,2023-02-08
55,Kenneth Esparza,68,Kellyshire,2023-10-07
56,Deanna Thompson,35,Reillyview,2020-08-31
57,Joshua Fitzgerald,47,North Whitney,2020-07-13
58,Kimberly Smith,18,Parkfort,2024-10-13
59,Stephanie Hendricks,36,Alyssaborough,2023-07-03
60,Patrick Price,68,Morganbury,2021-10-03
61,Kristen Walker,48,North Kathrynview,2020-12-06
62,Amy Evans,70,Lake Laurachester,2020-06-07
63,Jose Conley,59,West Ethan,2021-05-14
64,Anthony Lewis,67,North Isaiahland,2023-06-13
65,Andrew Rodriguez,39,Woodborough,2023-05-17
66,Brian Reyes,21,Port William,2023-03-08
67,Michael Thomas,58,Griffithfurt,2023-01-21
68,Tiffany Cain,23,Nguyenhaven,2022-06-06
69,Patrick Thompson,39,Danielview,2024-07-02
70,Erica Russell,52,Collinsburgh,2020-12-11
71,Dr. Jamie Miller,57,Millerton,2021-09-04
72,Timothy Snyder,19,Lake Brian,2024-03-07
73,Jose Edwards,32,East Cindy,2023-12-14
74,William Fitzpatrick,58,West Ericview,2020-09-04
75,Jeffrey Roberson,49,East Jesse,2022-10-25
76,Charles Odom,37,Bakerburgh,2023-01-14
77,Eugene Hanson,37,Stevenberg,2023-11-12
78,Ryan Price,41,Meganberg,2023-10-24
79,Michelle Harris,29,Port Danielland,2021-10-07
80,Bethany White,34,South Katherine,2023-10-15
81,Andrew Vasquez,51,Lake Jessicahaven,2022-05-23
82,Joshua Bowman,67,North Joshua,2023-08-31
83,Lauren Rios,41,Port Kelly,2023-03-07
84,Jasmine Scott,60,East Rebecca,2023-05-31
85,Gregory Simmons,20,West Sandrafurt,2023-09-24
86,Alexandra Baker,28,Arnoldstad,2024-12-09
87,Mallory Foster,20,South Ryan,2024-09-18
88,Jenna Barr,63,Brookschester,2024-01-22
89,Sean Lee,64,Christopherborough,2023-08-20
90,Mr. Timothy Skinner II,38,Taylorbury,2020-07-09
91,Melissa Smith,39,Lake Derrick,2022-06-10
92,Vanessa Kim,31,Angelachester,2021-04-14
93,Robert Freeman,69,New Douglasfurt,2024-07-05
94,Jacqueline Martinez,37,New Johnbury,2021-10-29
95,David Boyd,38,Alexafurt,2020-06-03
96,Samantha Kramer,21,South Williambury,2022-12-07
97,Brian Spears,51,Port Michaelhaven,2022-04-30
98,April Gonzales,19,Newmanland,2024-04-06
99,David Molina,68,South Ericatown,2020-08-15
100,Mr. Robert Ross,23,Williamtown,2020-02-12
101,Sonya Cole,68,West Derek,2022-07-28
102,Roberto Carter,68,Espinozatown,2020-09-01
103,Paula Henry,57,North James,2020-08-22
104,Mrs. Melissa Stokes MD,50,West Adriana,2020-01-21
105,Austin Solis,37,Wellshaven,2022-11-12
106,Michelle Hicks,32,Christianhaven,2021-10-07
107,Stephanie Castillo,68,Garciaberg,2024-05-29
108,Randy Mooney,47,Lake Adrian,2023-06-05
109,Jeffrey Bryant,69,Soniaside,2024-03-29
110,Misty Hamilton,19,Michaelbury,2022-01-05
111,Heather Smith,55,Lake Chase,2020-02-05
112,Russell Cochran,46,Rogersland,2020-07-22
113,Christina Randolph,30,Brandonchester,2022-05-16
114,Emily Armstrong,38,Marissatown,2021-02-03
115,Andrew Conner,56,Deborahland,2021-07-01
116,Jeffrey Moore,38,East Jamie,2020-12-17
117,James Anderson,28,North Emilyshire,2024-05-28
118,David Burton,60,Robertburgh,2023-01-17
119,Robert Delgado,44,North Ian,2021-04-13
120,Meredith Cook,48,Taylorton,2020-04-20
121,Luke Wright,61,South Donnaberg,2024-10-10
122,Angela Case,50,Lake Sandraberg,2024-03-24
123,Sean Jacobs MD,25,Gallegosberg,2023-08-02
124,Rhonda Vaughan,20,South Debraside,2021-05-12
125,Latoya Vasquez,22,East Jesse,2023-01-26
126,Alan Gonzalez,69,West Frederickchester,2024-02-09
127,Cynthia Gray,38,New Daniel,2023-10-20
128,Benjamin Love,69,West Laurahaven,2021-05-20
129,Derek Burton,60,Mckinneyfort,2024-08-10
130,Michelle Mcdaniel,18,Andrewton,2021-03-02
131,Richard Ellis,50,New Susanville,2021-03-22
132,Christopher Brown,51,Angelabury,2023-12-08
133,Meredith Hammond,32,Freemanmouth,2024-04-16
134,James Sanchez,26,Teresaside,2024-01-08
135,Mrs. Melissa Jones,21,Thomasfurt,2021-05-07
136,Rebecca Robinson,18,Butlerview,2021-09-16
137,Mary Stewart,59,Williamsport,2021-04-06
138,Cathy Roberts,53,Colemanhaven,2021-06-05
139,Mrs. Heather Jimenez,33,Deniseside,2024-03-22
140,Kevin Summers,54,Scottshire,2020-11-29
141,Jennifer Hurley,40,Arielchester,2020-10-05
142,Molly Henderson,31,Andrewfurt,2021-04-18
143,Micheal Kelley,34,South Benjamin,2021-07-21
144,Christy Combs,49,Johnburgh,2021-09-21
145,Christine White,63,Wallerside,2023-07-07
146,Hannah Wyatt,22,South Christophertown,2019-12-30
147,Diane Woods,44,South Gabriel,2022-10-05
148,Maria Edwards,42,Lake Jennatown,2022-04-01
149,Paul Miller,22,Lindaview,2020-10-11
150,Blake Meyers,36,Lyonsville,2024-10-18
151,Charles Gonzalez,70,Port Todd,2024-01-29
152,Lauren Rush,64,South Josephchester,2023-02-15
153,Stephanie Hernandez,18,New Sherri,2021-07-20
154,Jonathan Smith,38,Jenniferton,2021-05-30
155,Curtis Jones,31,Matthewberg,2019-12-27
156,Kiara Hawkins,63,Robertsonview,2021-06-02
157,Michael Taylor,40,Natalieview,2024-03-13
158,Albert Campos,54,Carlamouth,2020-04-19
159,Julie Kline,25,West Colleenton,2021-04-03
160,Leslie Dunn,57,North Thomasville,2019-12-12
161,Holly Garrett,28,Hineshaven,2024-05-11
162,Sheri Bray,48,Sandraside,2019-12-21
163,Jessica Lee,49,Port Sarah,2023-01-08
164,Mitchell Morales,67,East Davidside,2020-04-10
165,Sandra Shaw,20,South Patrickshire,2020-07-19
166,Brittany Pennington,61,East Laura,2022-02-27
167,Brian Barrera,63,Sarahfurt,2023-12-02
168,Stacey Pitts,61,Jefferyfurt,2021-08-06
169,Kathleen Stephens,49,West Richardmouth,2023-04-20
170,Lori Avery,56,Port Sabrina,2020-07-07
171,Courtney Compton,57,Jacksonton,2021-05-31
172,Larry Bailey,64,New Mary,2023-01-31
173,Guy Chandler,46,Padillatown,2020-12-01
174,Brianna Mora,62,Karenbury,2021-07-10
175,Kathleen Lin,45,West Ethanville,2023-04-12
176,Joseph Romero,45,New Shaunbury,2022-09-21
177,Ellen Baker,57,Lake Michaelchester,2021-02-16
178,Joseph Ferguson,40,New Mark,2023-03-31
179,Natasha Mason,59,Michaelmouth,2021-01-12
180,Anthony Woods,21,New Antonio,2019-12-11
181,Julie Evans,45,Gomezport,2023-08-12
182,Ashley Miller,54,Justinshire,2020-09-08
183,Lawrence Henderson,58,South Karen,2022-11-17
184,Jason Reynolds,52,Lake Brianstad,2023-12-31
185,Kyle Jackson,66,Lake Rachael,2023-07-19
186,Jeffrey Sellers,58,Lewisville,2022-04-30
187,Jessica Hernandez,33,West Natalieborough,2022-03-12
188,Judy Garcia,56,Lake Brendan,2020-07-26
189,Christopher Morgan,62,Alexisberg,2022-10-29
190,Rachel Hill,56,East Karen,2020-12-22
191,Donald Smith,35,Stevenshire,2021-11-02
192,Robert Welch,21,Anthonyshire,2022-04-05
193,Jody Cook,70,Scottfort,2020-06-03
194,Jessica Bowen,21,Jessicaport,2023-03-07
195,Robin Hogan,60,West Thomasmouth,2020-02-26
196,Robert Gordon,29,South Sheena,2023-10-02
197,Jacqueline Carpenter,38,Ericaland,2021-05-02
198,Stephanie Perez,61,Parkerport,2023-12-25
199,Corey Mcdaniel,23,Schmidtfort,2022-12-12
200,Jonathan Massey,37,Port Robertborough,2024-08-27
